Company Name,Website,Founders,Founded Year,Business Model,Technical,stage,Latest Round,Funding Trajectory,Investors,Valuation,source：,last_researched
Terra AI,https://www.terraai.com/,"John Mern (CEO, Stanford PhD - SISL), Anthony Corso (CTO, Stanford PhD)",2023,Enterprise B2B AI platform (SaaS) — sold via direct sales + strategic partnerships to mining & energy majors,"Diffusion models / generative models (确认,多源). 生成 ""millions of possible 3D subsurface models conditioned to match the signal"" + ""reasoning agent"" for campaign planning。数据 = 真实多模态: drill cores + geophysics + geochemistry (合成数据仅作为模型输出,非训练输入)",多阶段: Target Screening (greenfield/undercover) + Survey Design + Dynamic Drilling (resource definition),Seed · $3.39M · Oct 2023 (publicly announced 2025 when emerging from stealth),"NSF grants → Seed $3.39M (2023, led by Khosla Ventures) → Rio Tinto strategic investment (2025) → Series A upcoming (announced intent, not closed)","Khosla Ventures (lead), Rio Tinto (strategic, 2025), Storyhouse Ventures, Plug and Play, TomKat Center for Sustainability (Stanford), Climate Capital, US National Science Foundation","未公开 (Seed $3.4M 2023, Khosla 领投;无估值披露)","https://www.choppingblock.ai/companies/terra-ai
https://www.terraai.com/minerals",
GeologicAI,https://www.geologicai.com/,"Grant Sanden (CEO, Co-founder), Yannai Segal (Chief Strategy Officer, Co-founder) — both University of Calgary engineering grads","2013 (originally as Enersoft, oil & gas; pivoted to mining 2021, renamed GeologicAI)","B2B hardware + software + services hybrid for mining majors — on-site core-scanning trailers (operated by GeologicAI) + AI software subscription, expanding via M&A (RMS, Lumo Analytics)","Convolutional Neural Networks (CNN) — ""trained on millions of validated mineral samples"". 数据 = 真实多传感器 core scan 数据: XRF (X-ray fluorescence) + 高光谱 (SWIR + VNIR) + magnetic susceptibility + LiDAR + RGB imagery + LIBS (后续 Lumo 收购)。无 diffusion / 无合成数据 / 无卫星图像","Resource definition + characterization + production optimization (扫描已钻 cores,不做 greenfield 预测)","Series B · $44M USD / $60.5M CAD · Jul 17, 2025 (all-equity, led by Blue Earth Capital)","Bootstrapped/early grants → Series A $30M USD (Jul 2023, led by Breakthrough Energy Ventures $20M + Export Development Canada $10M) → Series B $44M USD (Jul 2025, led by Blue Earth Capital)。Total raised ~$74M USD","Series A: Breakthrough Energy Ventures (lead, Bill Gates-backed), Export Development Canada. Series B: Blue Earth Capital (lead, Swiss impact investor), BHP Ventures, Rio Tinto, Breakthrough Energy Ventures (follow-on)",未公开 (Series B $44M USD Jul 2025 — Segal declined to disclose valuation per BetaKit),"https://financialpost.com/pmn/business-wire-news-releases-pmn/geologicai-raises-44-million-usd-series-b-to-accelerate-ai-driven-discovery-and-development-of-critical-minerals-globally
https://betakit.com/geologicai-closes-20-million-series-a-to-develop-ai-powered-robot-geologists/",
Fleet Space Technologies,https://www.fleetspace.com/,"Flavia Tata Nardini (CEO & Co-Founder, 前 European Space Agency propulsion engineer), Matt Pearson (CXO & Co-Founder), Dr. Hemant Chaurasia (CTO)","2015 (Adelaide, South Australia)","Vertically-integrated exploration-as-a-service — proprietary LEO satellite network + smart seismic sensors (Geode) + multimodal AI (ExoSphere); end-to-end service delivery (not SaaS); 130+ employees, customers incl. Rio Tinto / Barrick Gold / Ma'aden; vertical moat unmatched in cohort","Multimodal AI foundation model (公司称 ""world-first multimodal foundation model for critical mineral discovery"")。建设中: Full Waveform Inversion (FWI) 加速 by Fourier Neural Operators (FNO) — 声称 100× 快于传统方法。数据 = 真实多物理: 3D Ambient Noise Tomography (ANT) + Magnetotelluric (MT) + Gravity + HVSR + Active Seismic + IP + 钻探数据,通过自家 Geode 传感器 + LEO 卫星 telemetry 采集。无 diffusion 声明;卫星用于数据传输不是成像",多阶段: 重点 pre-drill targeting + survey + 全 exploration lifecycle,"Series D · USD $100M (A$150M) · Dec 11-12, 2024 · at USD $525M (A$800M+) valuation (led by Teachers' Venture Growth)","早期 Seed/A/B (具体未完全披露) → Series C A$50M (May 2023, led by Blackbird Ventures) → Series D A$150M (Dec 2024, led by TVG) at A$800M+ valuation (估值 19 个月翻倍)","Series D lead: Teachers' Venture Growth (TVG, Ontario Teachers' Pension Plan)。Returning: Blackbird Ventures, Hostplus, Horizons Ventures (Li Ka-shing), Artesian Venture Partners, Alumni Ventures。Earlier: Grok Ventures (Mike Cannon-Brookes)","✅ USD $525M (A$800M+) (Series D Dec 11-12, 2024 — 该 cohort 中唯一公开估值)","https://www.fleetspace.com/newsroom/fleet-space-isoenergy-to-pioneer-ai-mineral-exploration-tech-at-larocque-east-in-athabasca-basin
https://www.globalminingreview.com/mining/06032025/fleet-space-acquires-hiseis/",
VerAI,https://ver-ai.com/,"Yair Frastai (CEO, Co-Founder, Board Director), Amitai Axelrod (COO, Co-Founder, Board Director)",2020,"B2B AI-driven mineral asset portfolio generator — proprietary AI Discovery Platform 识别 concealed deposits,自有/optionize mineral licenses,通过与 explorers/developers 的 JV 以 equity stakes + royalties 变现 (不是 SaaS vendor)","AI/ML + ""Defense Intelligence search & find methodologies"" (创始人背景)。""AI Search Profiles"" library,训练于不同类 economic orebodies + geological setting。数据 = 真实多模态地球物理: magnetic + gravimetric + electromagnetic + seismic。无 diffusion claim / 无具体架构披露 / 无合成数据 (明确表述 ""pure machine learning"")","Greenfield / concealed deposits in covered terrains (明确不做 brownfield,聚焦覆盖层下未发现的 deposit)","Series B · $24M (first closing) · Feb 26, 2025 (led by Insight Partners)","Seed/Series A 等早期轮次 (2020-2023,具体未完全披露) → Series B $24M first closing (Feb 2025, Insight Partners lead)。总融资 ~$39.4-39.6M (per PitchBook & CBInsights)","Insight Partners (Series B lead, Jeff Horing 进董事会), Blumberg Capital (Stanton Green 在董事会), Chrysalix Venture Capital (Charles Haythornthwaite 在董事会), Orion Industrial Ventures / Orion Resource Partners, funds advised by T. Rowe Price Associates","未公开 (Series B first closing $24M Feb 2025,Insight Partners 领投;总融资 $39.6M;无公开估值)","https://www.canadianminingjournal.com/featured-article/making-the-unseen-seen/
https://ver-ai.com/ai-powered-mineral-discovery-technology-company-verai-raises-12m-to-radically-improve-the-ability-to-locate-concealed-minerals-critical-for-a-sustainable-future/",
Earth AI,https://www.earth-ai.com/,"Roman Teslyuk (Founder & CEO), Igor Gerechko (Co-Founder)","2017 (Sydney, Australia + Los Angeles; Tracxn 另记 2016 / San Mateo)","Vertically-integrated ""predictive explorer"" — 非纯 SaaS: 自有 AI Mineral Targeting Platform (MTP) + 自有 Mobile Low-disturbance Drilling (MLD) 钻机,自己发现并钻探 greenfield 项目,通过项目价值 / JV / 权益变现;声称 75% discovery success rate、降本 up to 80%、~$100/meter 钻探成本","机器学习 predictive targeting —— consume remote sensing + radiometry + geophysics + geochemistry 多源 (公开 + 自采) 数据,预测 critical-metal 矿点;配合自研 MLD 移动钻机闭环验证。聚焦 lithium / copper / gold / nickel / palladium / manganese。无 diffusion 声明 (predictive ML targeting)",Greenfield exploration + 自有钻探验证 (end-to-end targeting → drilling);已在澳洲发现 palladium + gold 系统,"Series B · $20M · Jan 27, 2025 (oversubscribed, co-led by Tamarack Global + Cantos Ventures)","首轮 Feb 2017 → YC + 多轮 → Series B $20M (Jan 2025, Tamarack Global + Cantos Ventures co-lead)。总融资 ~$43.4M over 6 rounds (per Tracxn)","Tamarack Global (co-lead), Cantos Ventures (co-lead), Overmatch, Alpaca VC, Sparkwave Capital, Y Combinator, Scrum Ventures, DCVC (per Tracxn)",未公开 (Series B $20M Jan 2025;估值未披露),"https://www.prnewswire.com/news-releases/earth-ai-closes-oversubscribed-round-raising-20m-for-ai-driven-mineral-exploration-302360289.html
https://tracxn.com/d/companies/earthai/__J7x1mos7YzKRWJFt73lmdQw9ODINgJy0vqPHaM4bkoo",
TerraDX,https://www.terradx.ai/,Colby Mintram (Co-Founder & CEO) — spun out of Durendal Resources Inc.,"2023 (Vancouver, BC, Canada;公开发布 April 2024)","B2B AI/SaaS for mineral exploration —— web-based GIS 平台 + 在研 ""Foundation Model for Subsurface Intelligence"";早期阶段,GTM 经 direct deals + 战略合作 (如 Battery X Metals JV)","HORIZON (High-Resolution Ore Investigation Network) —— purpose-built Deep Neural Network (DNN),跑在 Databricks Mosaic AI + MLflow 上。数据 = 真实公开地质数据:Geological Survey of New South Wales (Central Lachlan Orogen) 的 geophysical + exploration data;不依赖地表地化/直接探测,可在 cover 之下分类矿点,把 area of interest 缩 98%。无 diffusion / 无合成数据。NVIDIA Inception 成员",Greenfield / 区域 targeting (在 onsite exploration 之前缩小靶区),"Pre-Seed · C$1.45M · Dec 30, 2023 (per Diffbot/employbl)","从 Durendal Resources Inc. spin out → 公开发布 April 2024 → Pre-Seed C$1.45M (Haywood Securities, Canaccord Genuity) → NVIDIA Inception (non-equity accelerator)","Haywood Securities, Canaccord Genuity",未公开 (Pre-Seed C$1.45M;无估值披露),"https://financialpost.com/globe-newswire/durendal-resources-unveils-terradx-revolutionizing-the-discovery-of-critical-metals-with-cutting-edge-technology
https://www.databricks.com/customers/terradx",
Datarock (IMDEX),https://www.imdex.com/software/datarock,"Liam Webb (Co-founder & CEO, 前 MMG geoscientist), Brenton Crawford (Co-founder), Tom Carmichael (Co-founder) — 源自 Solve Geosolutions + DiUS 两家咨询公司 JV","2018 (Melbourne, Australia;platform launched 2019)","AI-powered geoscience SaaS + Applied Science consulting;现为 IMDEX (ASX:IMD) 全资子公司,并入 IMDEX Digital Earth Knowledge (DEK) 组合 (HUB-IQ / aiSIRIS / MinePortal / EarthNET)","Computer vision / 机器学习 —— 自动从 core imagery (RGB photography)、video、point clouds 提取地质 + 岩土信息,监督训练 (expert annotations)。已处理 20M+ 米岩芯影像、200+ 数据科学项目;客户含全球 top-10 矿企 (Rio Tinto 为早期采用者)",多阶段:exploration + resource definition + production (brownfield + greenfield 全周期),"⚠️ 不适用——已被 IMDEX 100% 收购。Feb 2, 2026 IMDEX 完成剩余股权收购 (~A$31M),实现 100% 持股","2018 Solve+DiUS JV → Nov 2021 IMDEX 收购初始 30% (A$5.5M) → Nov 2021–Jul 2024 增持至 51% → Feb 2, 2026 收购剩余 49% 至 100% (~A$31M)",⚠️ IMDEX Limited (ASX:IMD) — sole owner (CEO Paul House);无外部 VC,"隐含 ~A$63M (IMDEX 以 A$31M 收购剩余 49%,implied 100% ~A$63M) — acquisition-implied,非市场估值","https://www.imdex.com/news-knowledge/news/imdex-completes-datarock-acquisition-accelerating-digital-earth-knowledge-expansion
https://www.coreinnovationhot30.com.au/datarock",
4POINT (GEOPHYSICAL AI),https://4point.ai/,"Cody Zazulak (Co-Founder & CEO, MIT background), Jordan Zazulak (Co-Founder & CTO)","2024 (San Francisco / Culver City, California, US;有 Canada presence)",Pre-Seed 地球物理 AI/ML predictive ore mapping —— foundation models 检测 gold/copper/nickel/graphite/lithium/cobalt/REE/uranium;GTM 经 government agencies + accelerators;产品 Terra-X (geological reasoning workspace) + SIIM enterprise deployment,Deep learning + Graph Neural Networks (GNN) + Reinforcement Learning (团队含 GNN/RL PhD)。分析 thousands of km² 的 geospatial data 做 predictive targeting + drill prioritization;SIIM = Spatially Informed Intelligence Model,Target Screening (greenfield) + Survey Design + Drill Prioritization,Pre-Seed · ~£150k–250k · 2024 (via Techstars LA FW24 cohort;金额未精确披露),"Pre-Seed (2024, Techstars LA FW24, JPM-sponsored cohort) — 目前唯一已知轮次","Techstars (Techstars LA FW24), Krane Ventures, ID3 Ventures",未公开 (Pre-Seed),"https://linkedin.com/company/4point-ai
https://www.onstage.vc/focals/4point-ai",
MINERAL FORECAST,https://www.mineralforecast.com/,"Javier Muñoz González (CEO & Co-Founder), Arturo Rochefort (COO & Co-Founder)","2014 (Santiago, Chile)","B2B Geosciences-AI SaaS —— 该 cohort 中最成熟的产品化之一 (Geo AI Advisor 平台:Geo Insights Hub + AI Targeting + Explainability Analytics);深耕 LATAM (Chile/Peru/Mexico),客户含 First Majestic Silver;经 Harvard iLabs + Techstars 孵化",多模型 ML geoscience —— 检测 geological patterns 预测 mineralization;消费 satellite imagery + geochemical surveys + drilling logs + geophysics 多源数据;强调 explainability (支撑 greenfield + brownfield 靶区的可解释报告)。声称 4× 更有效钻探、+25% 更快发现、-30% 钻探成本,全阶段:early/advanced exploration + greenfield + brownfield + mine-site optimization,"Unattributed VC · ~$3.2M · Mar 7, 2024 (另有 Techstars Boston F23 $20K, Sep 2023)","Harvard iLabs/VIP + Launch Lab X 孵化 → Techstars Boston F23 ($20K, Sep 2023) → Unattributed VC $3.2M (Mar 2024);总融资 ~$3.32M over 5 rounds","Techstars, Alumni Ventures, Spider Capital Partners, Launch Lab X, Harvard Venture Incubation Program (+4 undisclosed;CBInsights 列共 7 家)",未公开 (总融资 ~$3.32M;无估值披露),"https://www.cbinsights.com/company/mineral-forecast
https://www.mineralforecast.com/news-press/mineral-forecast-participates-in-demo-day-in-boston-in-front-of-select-international-investors-and-mentors/",
MATERIAL DIFFERENCE,https://materialdifference.earth/,"Gabriel Yoong (mechanical engineer, Cambridge/Imperial College London), Luke Cullen (mining geophysicist, Cambridge PhD)","2025 (incorporated 21 July 2025, London/Cambridge, UK;MATERIAL DIFFERENCE LTD, company no. 16597324)","Stealth-mode Pre-Seed —— explainable + uncertainty-aware AI for critical mineral exploration;口号 ""building AI that understands the underground to solve the $5.3 trillion critical mineral shortage"";入选 Founders Factory + Rio Tinto Mining Tech Accelerator (500+ 申请选 6)","公开差异化点 = explainable AI (auditable resource delineation,非 black-box predictions) + uncertainty quantification;具体 ML 架构未公开 (仍 stealth)。无 diffusion / GNN / foundation-model 的公开声明",Resource delineation / ore body knowledge (brownfield / resource definition 取向),"Pre-Seed (via Founders Factory + Rio Tinto accelerator;金额未披露,Tracxn 标 undisclosed)",2025 年成立 → 入选 Founders Factory + Rio Tinto Mining Tech Accelerator cohort (该 accelerator 组合已获 ~US$120M follow-on),Founders Factory + Rio Tinto (mining tech accelerator —— 提供资金 + Rio Tinto operational pilot access),未公开 (Pre-Seed;Tracxn 标未披露),"https://www.investmets.com/rio-tinto-founders-name-latest-accelerator-cohort/
https://find-and-update.company-information.service.gov.uk/company/16597324",
STRATUM AI,https://stratum.gs/,"Farzi Yusufali (CEO, Co-founder), Daniel Mogilny (CTO, Co-founder, UofT machine intelligence)","2019/2020 (Toronto, Canada;Y Combinator W20)","B2B AI resource-modeling SaaS + Forward-Deployed 服务,面向 production-stage mines (gold/copper/base metals);资本极精简 (YC 起步),Palantir 式深度部署 (嵌入工程师)",Deep Learning —— 替代传统 geostatistical interpolation (kriging) 做 3D orebody/grade 建模。产品 SAIGE (Stratum AI Geospatial Estimator) + SATS (Targeting System);输入 mine-site 真实数据 (diamond/RC drillholes + grade control + blastholes + rock-chip)。报道效果:+32% oz/drill-metre、+43–56% 预测精度、misclassified waste 至 -73%。已部署 Australia/Brazil/Canada/Kazakhstan/PNG/Chile/Peru/US,Production-stage mines + brownfield (明确 NOT greenfield —— 核心定位差异),"Seed · $150K · Aug 2020 (led by Y Combinator, W20 batch)","Founded 2019/2020 → Creative Destruction Lab → YC Seed $150K (Aug 2020);后续融资未在公开数据库,资本高效","Y Combinator (lead, W20), Builders VC, Soma Capital, J Seventeen Capital",未公开 (YC $150K seed;无估值披露),"https://www.ycombinator.com/companies/stratumai
https://miningbeacon.com/company/stratum-ai",
geopyörä (breakage test),https://www.geopyora.com/,"Marcos de Paiva Bueno (Founder) — Geopyörä Oy, Oulu, Finland","2020 (Oulu, Finland)",Mining-tech 硬件 + 数据 —— patented 低成本 breakage-testing 设备 (counter-rotating wheels) + 全球 lab network 提供测试服务;嵌入 mine planning / processing workflow;real-time ore characterization system 在研,"物理 breakage 测试 + 机器学习/DNN —— 用 counter-rotating wheels 破碎小样本,测 force/energy/t10;Deep Neural Network (训练于全球数据库) 直接预测标准 comminution 参数 Axb/DWI/SPI/BWI/BBMWi。属 geometallurgy / comminution characterization,而非 mineral-targeting AI",Geometallurgy / comminution design + process control (resource characterization + processing 优化),"Seed (led by Chrysalix Venture Capital, via Industrial Innovation Fund;金额未披露)",2020 成立 → Seed (Chrysalix Venture Capital);资金用于扩商业部署 + 全球 lab network + next-gen real-time 系统,Chrysalix Venture Capital (Industrial Innovation Fund),未公开 (Seed;金额/估值未披露),"https://arcticstartup.com/geopyora-raises-seed-funding/
https://www.geopyora.com/technical-information",
EARTHGRID,https://earthgrid.io/,"Troy Helming (Founder & CEO, 连续创业者 — Tradewind Energy/Pristine Sun), Scott Lane (Co-Founder)","2016 (Point Richmond / Bay Area, California, US;EarthGrid PBC)","⚠️ 非 mining-AI exploration —— plasma tunnel-boring 基础设施公司;BOOM (Build-Own-Operate-Maintain) + BADASS 服务模式,为电网/光纤/公用事业挖地下隧道;与 EnerTech (Kuwait Investment Authority entity) 合资计划部署 $18B 美国地下管网","⚠️ 非 AI —— 专利 Plasma Excavation System (PES):太阳能/电动机器人 + 多个 plasma torches 通过 spallation 气化岩石,声称比传统 boring 快 100× / 成本低 95–98%;无 drilling mud / 无炸药。已在 Sierra granite、挪威 Statnett 硬岩测试","⚠️ 不适用 (infrastructure tunneling,非 mineral exploration lifecycle)",Seed · $30M · 2023 (2× oversubscribed);累计 ~$50M,Founder 2016-2021 $13M → 2022 Pre-Seed $7M (3× oversubscribed) → 2023 Seed $30M (2× oversubscribed);累计 ~$50M (含 VC + crowdfunding),AngelList / Netcapital crowdfunding + 战略伙伴 EnerTech (KIA);早期 W Fund 等,未公开,"https://www.prnewswire.com/ae/news-releases/earthgrid-announces-groundbreaking-joint-venture-with-enertech-a-kia-entity-to-deploy-18b-in-us-underground-utility-projects-302250009.html
https://netcapital.com/companies/earthgrid",
QUAISE,https://www.quaise.com/,"Carlos Araque (Co-Founder & CEO, MIT '01/SM'02, 前 Schlumberger), Matt Houde (Co-Founder);scientific co-founder Paul Woskov (MIT Plasma Science & Fusion Center)","2018 (Cambridge, MA, US;MITEI + The Engine spinout)","⚠️ 非 mining-AI exploration —— deep geothermal energy 公司;用 millimeter-wave 钻井解锁 10–20km 超深 geothermal,目标把燃煤电厂改造为 geothermal wells,提供 terawatt-scale clean baseload power","⚠️ 非 AI —— gyrotron 产生 millimeter-wave (毫米波) 能量,melt + vaporize 岩石替代机械钻头 (源自 MIT Plasma Science & Fusion Center 约 15 年研究)。2024 在 Houston 全尺寸油井 demo (100kW gyrotron);可在 granite 以 ~5 m/hr 推进","⚠️ 不适用 (geothermal drilling,非 mineral exploration)","Series A 扩至 $52M (Jun 2022,+$12M led by TechEnergy Ventures);累计 ~$95M+",MITEI 早期资助 → 2018 spinout → Series A $40M (Safar Partners 领) 扩至 $52M (Jun 2022);2022 累计 raised $75M → ~$95M+ (后续),"Safar Partners (lead), Prelude Ventures, TechEnergy Ventures (Tecpetrol/Techint), HostPlus, Xplorer Capital, Fine Structure Ventures, The Engine, Collaborative Fund, Nabors Energy Transition Ventures","~$250M (per 2026 报道,estimated;早期未披露)","https://www.businesswire.com/news/home/20220608005232/en/Quaise-Energy-Expands-Series-A-to-%2452M-to-Unlock-Terawatt-Scale-Geothermal-Energy
https://energy.mit.edu/news/mitei-spinout-quaise-energy-successfully-demonstrates-their-geothermal-energy-drilling-technology-in-the-field/",
HYPER SCIENCES,https://www.hypersciences.com/,"Mark C. Russell (Founder & CEO, Stanford MS Aero/Astro, 前 Blue Origin crew-capsule lead engineer;mining family background)","2014 (Spokane, WA, US;dba General Hypersonics)","⚠️ 非 AI exploration —— hypervelocity ram-accelerator 技术平台,多市场:drilling (HyperDrill)、tunneling、deep geothermal、defense/space (HAVOK);经 sponsored research (Shell GameChanger, NASA SBIR, DARPA, MDA) + crowdfunding + convertible notes 融资","⚠️ 非 AI —— ram accelerator (HyperCore):用化学能把 projectile 加速到 hypersonic (~6,700 mph, ~9× 音速) 粉碎岩石;HyperDrill 下井钻井声称比传统快 10×;HAVOK 为可复用 rocketless launch system","⚠️ 不适用 (drilling/tunneling 硬件 + defense/space,非 mineral exploration)","2026 Jan 获 MDA SHIELD IDIQ 合同 (ceiling $151B, prime);早期 ~$3.39M convertible notes + Shell/NASA non-equity grants + Reg A crowdfunding","2014 成立 → Shell GameChanger >$1M + NASA SBIR $125K (non-equity) → ~$3.39M convertible notes (angels, 2015–2018) → Reg A+ crowdfunding → DARPA/DoD SBIR Phase II → 2026 MDA SHIELD IDIQ","angel investors, W Fund, Cowles Company, EnergeticX/Mark Russell;non-equity:Shell GameChanger, NASA, DARPA, MDA",未公开,"https://www.geekwire.com/2018/hypersciences-wins-support-ram-accelerator-nasa-shell-crowdfunding/
https://www.einpresswire.com/article/884992271/hypersciences-dba-general-hypersonics-selected-as-prime-in-latest-round-of-mda-s-151b-shield-idiq-awards",
ROCKBURST TECHNOLOGIES,https://www.rockburst.tech/,"Oscar Malpica (Co-Founder & CEO), Cliff Edwards (Co-Founder), Chuck Lee (Co-Founder) — subsidiary of Envisioning Labs","2020 (Vancouver, BC, Canada)",⚠️ 非 AI exploration (comminution cleantech) —— CoreBurst / transcritical CO2 pulverization;卖给 mining (+ cement/recycling) 降低 grinding 能耗并附带 carbon sequestration;以非稀释 grants + 服务合同 + seed 为主,"⚠️ 非 AI —— transcritical CO2 (tCO2) pulverization:利用岩石抗张强度比抗压低 10–30×,用加压 CO2 从内部 tensile 破碎 ore (closed-loop 压力容器);声称省能 ~50–55% 并封存 CO2。源于 NRCan ""Crush It!"" Challenge (2019)","⚠️ Comminution / ore processing (mineral processing 环节,非 exploration)",Grant-II / Pre-Seed 阶段 (累计 ~$6M 多为非稀释;正募 ~C$1.5–2M seed 做工业 pilot),"2019 NRCan Crush It! 6 强 → seed grant 造原型 → NorthX Climate Tech $500K 非稀释 + 政府 grants + 服务合同;累计 ~$6M,募 seed 建工业 pilot","NorthX Climate Tech, Chrysalix Venture Capital, BHP, Innovate BC, Natural Resources Canada, BC Hydro, Government of South Australia, NSERC/Mitacs, MICA, NRC-IRAP, UBC, Foresight Cleantech Accelerator, Creative Destruction Lab",未公开,"https://mine.nridigital.com/mine_jul24/ore-processing-innovation-rockburst-co2-pulverization
https://www.rockburst.tech/",
HEPHAE,https://www.hephaeet.com/,"Steve Krase (CEO & Co-Founder), John Clegg (CTO & Co-Founder) — 团队分布 Houston / Spain / UK","2020 (Houston, TX, US — Hephae Energy Technology)","⚠️ 非 AI exploration —— next-gen geothermal 使能技术公司;开发 ultra-high-temperature 下井电子/传感器 + 集成钻井系统,让 superhot-rock geothermal 商业化 (24/7 carbon-free baseload)","⚠️ 非 AI —— ultra-high-temperature downhole electronics & sensors (耐 >300°C),整合进 high-temperature Measurement-While-Drilling (MWD) 系统,精确放置 next-gen geothermal wells;产品 Pandora210™、Hermes Top-Mount Pulser","⚠️ 不适用 (geothermal drilling 使能硬件,非 mineral exploration)","Series A · $6.35M · Sep 20, 2024 (有报道一轮 $4M led by Underground Ventures)","2020 成立 → Series A $6.35M (Sep 2024, led by Underground Ventures);累计 >$10M (含早期)","Underground Ventures (lead), Future Ventures, Grantham Foundation, Exascale Fund, Nabors Industries",未公开,"https://www.world-energy.org/article/46282.html
https://www.hephaeet.com/about-us/",
Lithosquare,https://lithosquare.com,"Aymeric Préveral-Etcheverry (CEO & Co-Founder, mining engineer), Simon Leclair (Founding COO)","2024 (Paris, France)","Partnership-based exploration with outcome-dependent revenue sharing — earns returns when discoveries become producing mines rather than charging SaaS licenses; working with mining companies across US, Europe, Africa and Latin America on copper, rare earths, and lithium targets","Geology-informed foundational AI platform combining geological expertise with ML to automate mineral exploration; identifies mineral locations, traces formation sources, tracks metal-bearing fluid movement, and detects structural deposit traps; focuses on greenfield and frontier areas (e.g. Botswana, Morocco); claims to reduce analysis timelines from months to days and increase exploration efficiency up to 10x",Early-stage exploration + greenfield targeting (Targeting -> Discovery -> Delineation pipeline),Seed · $25M (EUR 22M) · May 2026 (co-led by World Fund and Kindred Capital),"Pre-Seed (previously unannounced, undisclosed amount) -> Seed $25M / EUR 22M (May 2026, World Fund + Kindred Capital co-lead); total ~$25M+","World Fund (co-lead), Kindred Capital (co-lead), Daphni, Omnes Capital, Ovni Capital","Undisclosed (Seed $25M May 2026, no valuation disclosed)","https://techfundingnews.com/lithosquare-25m-world-fund-kindred-capital-mining/
https://www.finsmes.com/2026/05/lithosquare-raises-25m-in-seed-funding.html
https://www.eu-startups.com/2026/05/paris-based-lithosquare-raises-e21-4-million-to-accelerate-transition-critical-mineral-discovery-with-geology-ai/
https://www.miningweekly.com/article/aterian-partners-with-lithosquare-on-ai-driven-exploration-programme-2025-12-09",
KoBold Metals,https://koboldmetals.com,"Kurt Zenz House (CEO & Co-Founder), Josh Goldman (President & Co-Founder), Jeff Jurinak (Co-Founder)","2018 (Berkeley / San Francisco, CA, USA)","Vertically integrated AI mineral exploration and development company — self-discovers, funds, and develops critical mineral projects (copper, nickel, cobalt, lithium); monetizes through project equity and JVs rather than SaaS licensing; flagship: Mingomba copper deposit in Zambia (described as highest-grade Zambian copper discovery in a century); targeting IPO within 3-5 years; mission: 'expand and diversify the global supply of critical resources essential for prosperity, energy technology, AI, and security'",Two proprietary AI platforms: (1) TerraShed — analyzes 100+ years of public and private geological data to create subsurface visualizations; (2) Machine Prospector — identifies previously unknown mineral deposit locations using predictive ML. Trained on geophysics + geochemistry + drilling records; addresses <0.3% industry success rate for viable discoveries; AI-first geoscience data integration across exploration campaigns,Greenfield exploration + mine development (full lifecycle: AI targeting -> field drilling -> deposit development and ownership),Series C Second Extension · ~$163-280M · Nov 2025 (lead investors not publicly disclosed); prior: Series C Extension · $537M · Jan 2025 (co-led Durable Capital Partners + T. Rowe Price),"Series A $20M (Mar 2019, a16z + Breakthrough Energy) -> Series B $192.5M (Feb 2022, T. Rowe Price lead, CPP + BHP + Standard Investments + Apollo Projects) -> Series C $195M (Jun 2023, T. Rowe Price lead, Equinor + BHP + Mitsubishi + Earthshot + July Fund) -> Series C Extension $537M (Jan 2025, Durable Capital + T. Rowe co-lead, $2.96B valuation) -> Series C Second Extension ~$163-280M (Nov 2025, undisclosed lead); Total raised: ~$1.22B+","Series A (Mar 2019): Andreessen Horowitz (a16z), Breakthrough Energy Ventures. Series B (Feb 2022): T. Rowe Price (lead), Canada Pension Plan Investment Board (CPP Investments), BHP Ventures, Standard Investments, Apollo Projects. Series C (Jun 2023): T. Rowe Price (lead), Equinor Ventures, BHP Ventures, Mitsubishi Corporation, Earthshot Ventures, July Fund, Standard Investments. Series C Extension (Jan 2025): Durable Capital Partners (co-lead), T. Rowe Price (co-lead), Andreessen Horowitz Growth (a16z), Breakthrough Energy Ventures, Bond Capital, Earthshot VC, Equinor, Mitsubishi, Standard Investments, StepStone Group, WCM Investment Management. Series C Second Extension (Nov 2025): ~$163-280M, lead not publicly disclosed. Individual angels: Jeff Bezos, Reid Hoffman, Bill Gates (personal), Jack Ma, John Zimmer (Lyft co-founder). Total: 21+ investors across 5 rounds; ~$1.22B+ raised.","USD $2.96B (post-Series C, Jan 2025 — confirmed multiple sources); implied ~$4.17B post-Nov 2025 extension (per Clay/Tracxn)","https://www.clay.com/dossier/kobold-metals-funding
https://techcrunch.com/2025/01/02/kobold-used-ai-to-find-copper-now-investors-are-piling-in-to-the-tune-of-537m/
https://fortune.com/2025/01/02/kobold-mining-jeff-bezos-bill-gates-investment-round-copper-lithium/
https://www.mining.com/gates-bazos-backed-kobold-metals-raises-537-million-in-race-for-critical-minerals/
https://tracxn.com/d/companies/kobold-metals/__KK3gPYnO6jr7fYSlEpK6nkY-72DH8gB2QJpVVQGuNZg/funding-and-investors
https://www.caproasia.com/2025/01/03/ai-powered-mining-mineral-startup-kobold-metals-raised-537-million-in-series-c-funding-at-2-9-billion-valuation-raised-total-of-1-billion-from-investors-include-durable-capital-partners-t-rowe-p/
https://koboldmetals.com",2026-05-31T04:00:00.000Z
Veracio,https://www.veracio.com,"N/A (wholly-owned subsidiary of Boart Longyear, est. 1890); leadership: JT Clark (CEO, ex-BCG Global Mining Practice lead), Mike Ravella (CIO, founder of predecessor Geological Data Services division), Jeff Olsen (Chairman, Boart Longyear CEO)",2023 (launched Feb 2023 as Veracio; predecessor Geological Data Services division developed 10+ years inside Boart Longyear),"B2B mining technology services as Boart Longyear (ASX: BLY) wholly-owned subsidiary — hardware sensing + AI cloud platform for orebody data; no external VC; acquired Minalyze (Sweden, Sep 2023, $29.3M) adding automated XRF core scanning","Multi-sensor hardware suite: TruScan (field sample analysis), TruSub (rod-string technology for downhole sensing during drilling), TruProbe (downhole sensing without logging trucks) + integrated cloud AI platform; XRF geochemistry + structural + geotechnical analysis; Minalyze acquisition adds automated XRF core scanning with AI geology interpretation",Multi-stage: exploration + economic modeling + mine design + production optimization (brownfield + greenfield),N/A — no external funding rounds; wholly funded by parent Boart Longyear (ASX: BLY); Minalyze acquisition $29.3M (Sep 2023),No external venture rounds; Boart Longyear (ASX: BLY) sole backer; Minalyze acquisition Sep 2023 ($29.3M),Boart Longyear (ASX: BLY) — sole parent and funder; no external VC,Undisclosed (private subsidiary of Boart Longyear; no separate valuation disclosed),"https://www.globenewswire.com/news-release/2023/02/22/2613166/0/en/Boart-Longyear-Introduces-Veracio-a-Bigger-Vision-for-Smarter-Data-at-a-Smaller-Footprint.html
https://www.boartlongyear.com/wp-content/uploads/ASX-Announcement-Boart-Longyear-Veracio-Unit-to-Acquire-Minalyze-19-Sept-2023-FINAL.pdf
https://www.veracio.com/
https://www.crunchbase.com/organization/veracio",
OreFox AI,https://orefox.com,"Warwick Anderson (CEO & Co-Founder, QUT researcher), Sheree Anderson (Co-Founder, QUT researcher); commercializing research from Queensland University of Technology","2017 (Brisbane, Queensland, Australia; originally Quantum Geology Pty Ltd)","B2B AI geoscience services + software for mineral exploration — targeting studies, ore-grade analysis, automated geological mapping; clients include Gold Mines Australia, PYBAR Mining, St Barbara Limited, Oz Minerals; NVIDIA Inception member; developing subsidiary products porphyry.ai and GeoDesk","AI + machine learning + geospatial data analysis integrating geological, geophysical, and geochemical datasets; two proprietary AI targeting tools: Prospector AI (broad exploration) and Hunter AI (focused ore-grade targeting); automated geological mapping and mineral target identification; strategic partnership with Esri (GIS); won Unearthed Explorer Challenge Genius Prize",Early-stage exploration and prospecting (target generation and targeting optimization),Undisclosed small rounds (METS Ignited Queensland Government fund + QUT Bluebox early backing + QuantumTX / 77 Partners investment); no major disclosed VC round,QUT Bluebox early seed -> METS Ignited Queensland Government grant -> investment from QuantumTX + 77 Partners; no major disclosed round; total raised undisclosed,"QUT Bluebox Pty Ltd (QUT venture arm), QuantumTX, 77 Partners, METS Ignited (Queensland Government-backed)",Undisclosed (no major VC round; small-scale funding),"https://orefox.com/about-us/
https://im-mining.com/2021/08/10/mets-ignited-backed-program-fund-orefoxs-ai-exploration-ambitions/
https://www.amsj.com.au/orefox-attracts-investment-in-ai-geological-data-analysis/
https://www.australianmining.com.au/orefox-funding-to-boost-qld-critical-mineral-discoveries/
https://www.crunchbase.com/organization/orefox",
VRIFY,https://vrify.com,"Steve de Jong (Founder & CEO), Jean-Philippe Paiement (CTO, geologist, won $1M Integra Gold Rush Challenge 2016)","Vancouver, BC, Canada (exact founding year not publicly confirmed; Series A May 2023 implies founded ~2018-2021)","B2B SaaS AI exploration intelligence platform — DORA (AI-assisted prospectivity mapping) + VRIFY Present (3D visualization for investor communications); ~200 companies across 70 countries; team of 35+ geoscientists, data scientists and developers; sold directly to geologists and geoscientists at mining companies","Deep learning models + proprietary geological dataset (described as one of the industry's largest); DORA = Exploration Intelligence platform for prospectivity mapping, transforming multivariate geoscience datasets into actionable mineral targets with data-driven explanations; 26 early-adopter DORA clients including Canterra Resources, RUA Gold, Southern Cross Gold",Greenfield exploration targeting + prospectivity mapping (pre-drill targeting intelligence),"Series B · CAD$12.5M · Feb 2025 (led by LGVP, Itai Tsiddon / Lightricks co-founder)","Series A CAD$6M (May 2023, RCF Innovation + Beedie Capital) -> Series B CAD$12.5M (Feb 2025, LGVP lead + RCF Innovation + Beedie Capital follow-on); total >CAD$30M raised","LGVP (Series B lead, Itai Tsiddon — Lightricks co-founder), RCF Innovation (Resource Capital Funds), Beedie Capital","Undisclosed (Series B CAD$12.5M Feb 2025, no valuation disclosed)","https://www.canadianminingjournal.com/news/vrify-raises-12-5m-to-advance-the-worlds-first-ai-assisted-mineral-discovery-platform/
https://www.newswire.ca/news-releases/vrify-lands-12-5m-series-b-to-advance-dora-the-world-s-first-ai-assisted-mineral-discovery-platform-828597303.html
https://www.bctechnology.com/news/2025/2/27/Vancouver-based-VRIFY-Raises-12.5-Million-Series-B-Financing-to-Develop-AI-Assisted-Mineral-Discovery-Platform.cfm
https://vrify.com/",
Minerva Intelligence,https://minervaintelligence.com,Founding team not fully disclosed; CEO: Scott Tillman (also manages Pi Consulting LLC); COO: Jake McGregor,"~2000 (Vancouver, BC, Canada; 20+ years operating; TSX-V listed as MVAI, potentially renamed to Aisix Solutions / AISX)",B2B cognitive AI SaaS for earth sciences — TERRA Mining AI Suite for mineral exploration + GAIA Suite for natural hazard mapping; small-cap public company (TSX-V); knowledge engineering approach with explainable AI; ~21 employees; ~$1.8M revenue reported (2021),"Proprietary AI reasoning / knowledge engineering technology (explainable AI, not conventional deep learning); TERRA Mining AI Suite: SolACE (data preparation for AI), Target (cognitive AI for surface exploration data evaluation), DRIVER (cognitive AI for mine/exploration drilling data analysis), LEO (document management optimized for AI interoperability); processes geological, geochemical, drill data; emphasizes human-readable reasoning chains",Full exploration lifecycle: surface exploration targeting (TARGET) + drilling data analysis (DRIVER) + data management (SolACE + LEO),Small private placement (CEO Scott Tillman purchased 2M shares at $0.075/share); no major disclosed VC round; publicly listed TSX-V (MVAI / possibly now AISX),Public listing TSX-V as MVAI (symbol possibly changed to AISX / Aisix Solutions); small private placements; no major VC rounds disclosed; revenues ~$1.8M (2021),Public shareholders (TSX-V); no notable institutional VC backers identified,Micro-cap public company (shares at $0.075 implies extremely small market cap; no formal valuation disclosed),"https://minervaintelligence.com/
https://www.newswire.ca/news-releases/minerva-intelligence-inc-provides-corporate-update-853153966.html
https://simplywall.st/stocks/ca/software/tsxv-mvai/minerva-intelligence-shares
https://tracxn.com/d/companies/minerva-ai/__NIPXznweKvt3FuKcxphjSNpAol1ax47hpPzWS-XzqD4",
