Company Name,Website,Founders,Founded Year,Business Model,Technical,stage,Latest Round,Funding Trajectory,Investors,Valuation,source：
Terra AI,https://www.terraai.com/,"John Mern (CEO, Stanford PhD - SISL), Anthony Corso (CTO, Stanford PhD)",2023,Enterprise B2B AI platform (SaaS) — sold via direct sales + strategic partnerships to mining & energy majors,"Diffusion models / generative models (确认,多源). 生成 ""millions of possible 3D subsurface models conditioned to match the signal"" + ""reasoning agent"" for campaign planning。数据 = 真实多模态: drill cores + geophysics + geochemistry (合成数据仅作为模型输出,非训练输入)",多阶段: Target Screening (greenfield/undercover) + Survey Design + Dynamic Drilling (resource definition),Seed · $3.39M · Oct 2023 (publicly announced 2025 when emerging from stealth),"NSF grants → Seed $3.39M (2023, led by Khosla Ventures) → Rio Tinto strategic investment (2025) → Series A upcoming (announced intent, not closed)","Khosla Ventures (lead), Rio Tinto (strategic, 2025), Storyhouse Ventures, Plug and Play, TomKat Center for Sustainability (Stanford), Climate Capital, US National Science Foundation","未公开 (Seed $3.4M 2023, Khosla 领投;无估值披露)","https://www.choppingblock.ai/companies/terra-ai
https://www.terraai.com/minerals"
GeologicAI,https://www.geologicai.com/,"Grant Sanden (CEO, Co-founder), Yannai Segal (Chief Strategy Officer, Co-founder) — both University of Calgary engineering grads","2013 (originally as Enersoft, oil & gas; pivoted to mining 2021, renamed GeologicAI)","B2B hardware + software + services hybrid for mining majors — on-site core-scanning trailers (operated by GeologicAI) + AI software subscription, expanding via M&A (RMS, Lumo Analytics)","Convolutional Neural Networks (CNN) — ""trained on millions of validated mineral samples"". 数据 = 真实多传感器 core scan 数据: XRF (X-ray fluorescence) + 高光谱 (SWIR + VNIR) + magnetic susceptibility + LiDAR + RGB imagery + LIBS (后续 Lumo 收购)。无 diffusion / 无合成数据 / 无卫星图像","Resource definition + characterization + production optimization (扫描已钻 cores,不做 greenfield 预测)","Series B · $44M USD / $60.5M CAD · Jul 17, 2025 (all-equity, led by Blue Earth Capital)","Bootstrapped/early grants → Series A $30M USD (Jul 2023, led by Breakthrough Energy Ventures $20M + Export Development Canada $10M) → Series B $44M USD (Jul 2025, led by Blue Earth Capital)。Total raised ~$74M USD","Series A: Breakthrough Energy Ventures (lead, Bill Gates-backed), Export Development Canada. Series B: Blue Earth Capital (lead, Swiss impact investor), BHP Ventures, Rio Tinto, Breakthrough Energy Ventures (follow-on)",未公开 (Series B $44M USD Jul 2025 — Segal declined to disclose valuation per BetaKit),"https://financialpost.com/pmn/business-wire-news-releases-pmn/geologicai-raises-44-million-usd-series-b-to-accelerate-ai-driven-discovery-and-development-of-critical-minerals-globally
https://betakit.com/geologicai-closes-20-million-series-a-to-develop-ai-powered-robot-geologists/"
Fleet Space Technologies,https://www.fleetspace.com/,"Flavia Tata Nardini (CEO & Co-Founder, 前 European Space Agency propulsion engineer), Matt Pearson (CXO & Co-Founder), Dr. Hemant Chaurasia (CTO)","2015 (Adelaide, South Australia)","Vertically-integrated exploration-as-a-service — proprietary LEO satellite network + smart seismic sensors (Geode) + multimodal AI (ExoSphere); end-to-end service delivery (not SaaS); 130+ employees, customers incl. Rio Tinto / Barrick Gold / Ma'aden; vertical moat unmatched in cohort","Multimodal AI foundation model (公司称 ""world-first multimodal foundation model for critical mineral discovery"")。建设中: Full Waveform Inversion (FWI) 加速 by Fourier Neural Operators (FNO) — 声称 100× 快于传统方法。数据 = 真实多物理: 3D Ambient Noise Tomography (ANT) + Magnetotelluric (MT) + Gravity + HVSR + Active Seismic + IP + 钻探数据,通过自家 Geode 传感器 + LEO 卫星 telemetry 采集。无 diffusion 声明;卫星用于数据传输不是成像",多阶段: 重点 pre-drill targeting + survey + 全 exploration lifecycle,"Series D · USD $100M (A$150M) · Dec 11-12, 2024 · at USD $525M (A$800M+) valuation (led by Teachers' Venture Growth)","早期 Seed/A/B (具体未完全披露) → Series C A$50M (May 2023, led by Blackbird Ventures) → Series D A$150M (Dec 2024, led by TVG) at A$800M+ valuation (估值 19 个月翻倍)","Series D lead: Teachers' Venture Growth (TVG, Ontario Teachers' Pension Plan)。Returning: Blackbird Ventures, Hostplus, Horizons Ventures (Li Ka-shing), Artesian Venture Partners, Alumni Ventures。Earlier: Grok Ventures (Mike Cannon-Brookes)","✅ USD $525M (A$800M+) (Series D Dec 11-12, 2024 — 该 cohort 中唯一公开估值)","https://www.fleetspace.com/newsroom/fleet-space-isoenergy-to-pioneer-ai-mineral-exploration-tech-at-larocque-east-in-athabasca-basin
https://www.globalminingreview.com/mining/06032025/fleet-space-acquires-hiseis/"
VerAI,https://ver-ai.com/,"Yair Frastai (CEO, Co-Founder, Board Director), Amitai Axelrod (COO, Co-Founder, Board Director)",2020,"B2B AI-driven mineral asset portfolio generator — proprietary AI Discovery Platform 识别 concealed deposits,自有/optionize mineral licenses,通过与 explorers/developers 的 JV 以 equity stakes + royalties 变现 (不是 SaaS vendor)","AI/ML + ""Defense Intelligence search & find methodologies"" (创始人背景)。""AI Search Profiles"" library,训练于不同类 economic orebodies + geological setting。数据 = 真实多模态地球物理: magnetic + gravimetric + electromagnetic + seismic。无 diffusion claim / 无具体架构披露 / 无合成数据 (明确表述 ""pure machine learning"")","Greenfield / concealed deposits in covered terrains (明确不做 brownfield,聚焦覆盖层下未发现的 deposit)","Series B · $24M (first closing) · Feb 26, 2025 (led by Insight Partners)","Seed/Series A 等早期轮次 (2020-2023,具体未完全披露) → Series B $24M first closing (Feb 2025, Insight Partners lead)。总融资 ~$39.4-39.6M (per PitchBook & CBInsights)","Insight Partners (Series B lead, Jeff Horing 进董事会), Blumberg Capital (Stanton Green 在董事会), Chrysalix Venture Capital (Charles Haythornthwaite 在董事会), Orion Industrial Ventures / Orion Resource Partners, funds advised by T. Rowe Price Associates","未公开 (Series B first closing $24M Feb 2025,Insight Partners 领投;总融资 $39.6M;无公开估值)","https://www.canadianminingjournal.com/featured-article/making-the-unseen-seen/
https://ver-ai.com/ai-powered-mineral-discovery-technology-company-verai-raises-12m-to-radically-improve-the-ability-to-locate-concealed-minerals-critical-for-a-sustainable-future/"
Earth AI,https://www.earth-ai.com/,"Roman Teslyuk (Founder & CEO), Igor Gerechko (Co-Founder)","2017 (Sydney, Australia + Los Angeles; Tracxn 另记 2016 / San Mateo)","Vertically-integrated ""predictive explorer"" — 非纯 SaaS: 自有 AI Mineral Targeting Platform (MTP) + 自有 Mobile Low-disturbance Drilling (MLD) 钻机,自己发现并钻探 greenfield 项目,通过项目价值 / JV / 权益变现;声称 75% discovery success rate、降本 up to 80%、~$100/meter 钻探成本","机器学习 predictive targeting —— consume remote sensing + radiometry + geophysics + geochemistry 多源 (公开 + 自采) 数据,预测 critical-metal 矿点;配合自研 MLD 移动钻机闭环验证。聚焦 lithium / copper / gold / nickel / palladium / manganese。无 diffusion 声明 (predictive ML targeting)",Greenfield exploration + 自有钻探验证 (end-to-end targeting → drilling);已在澳洲发现 palladium + gold 系统,"Series B · $20M · Jan 27, 2025 (oversubscribed, co-led by Tamarack Global + Cantos Ventures)","首轮 Feb 2017 → YC + 多轮 → Series B $20M (Jan 2025, Tamarack Global + Cantos Ventures co-lead)。总融资 ~$43.4M over 6 rounds (per Tracxn)","Tamarack Global (co-lead), Cantos Ventures (co-lead), Overmatch, Alpaca VC, Sparkwave Capital, Y Combinator, Scrum Ventures, DCVC (per Tracxn)",未公开 (Series B $20M Jan 2025;估值未披露),"https://www.prnewswire.com/news-releases/earth-ai-closes-oversubscribed-round-raising-20m-for-ai-driven-mineral-exploration-302360289.html
https://tracxn.com/d/companies/earthai/__J7x1mos7YzKRWJFt73lmdQw9ODINgJy0vqPHaM4bkoo"
